{
    "input_file": "capture.pcap",
    "total_packets": 1856,
    "flow_profiling": {
        "total_flows": 134,
        "flow_duration": {
            "min": 0.0027551651000976562,
            "max": 0.2663400173187256,
            "mean": 0.07,
            "stdev": 0.063
        },
        "packets_per_flow": {
            "min": 4,
            "max": 18,
            "mean": 8.336,
            "stdev": 3.097
        },
        "bytes_per_flow": {
            "min": 216,
            "max": 5196,
            "mean": 1542.201,
            "stdev": 1151.033
        }
    },
    "features": {
        "packet_size": {
            "stats": {
                "min": 66,
                "max": 1863,
                "mean": 199.009,
                "stdev": 341.789
            },
            "top_values": [
                66,
                74,
                146,
                1738,
                510,
                413,
                452,
                415,
                456,
                512
            ]
        },
        "inter_arrival_time": {
            "stats": {
                "min": 0.0,
                "max": 7.212542,
                "mean": 0.192,
                "stdev": 0.809
            },
            "top_values": [
                0.001,
                0.0,
                0.002,
                0.003,
                0.006,
                0.007,
                0.011,
                0.015,
                0.012,
                0.009
            ]
        },
        "ip": {
            "ttl": {
                "stats": {
                    "min": 63,
                    "max": 63,
                    "mean": 63,
                    "stdev": 0.0
                },
                "top_values": [
                    63
                ],
                "entropy": 0.0
            },
            "ip_id": {
                "stats": {
                    "min": 0,
                    "max": 65031,
                    "mean": 29912.176,
                    "stdev": 18849.88
                },
                "top_values": [
                    20183,
                    20184,
                    20185,
                    20186,
                    20187,
                    20188,
                    18481,
                    18482,
                    18483,
                    18484
                ],
                "entropy": 10.1147
            }
        },
        "tcp": {
            "window_size": {
                "stats": {
                    "min": 120,
                    "max": 64240,
                    "mean": 7821.58,
                    "stdev": 20839.683
                },
                "top_values": [
                    126,
                    64240,
                    125,
                    124,
                    132,
                    122,
                    143,
                    123,
                    149,
                    160
                ],
                "entropy": 3.2532
            },
            "seq_num": {
                "stats": {
                    "min": 43737060,
                    "max": 4259012898,
                    "mean": 2074067251.465,
                    "stdev": 1227731957.021
                },
                "entropy": 9.2352
            },
            "flags_combinations": {
                "top_values": [
                    "A",
                    "PA",
                    "S",
                    "FA"
                ],
                "entropy": 1.7245
            },
            "options_combinations": {
                "top_values": [
                    "['NOP', 'NOP', 'Timestamp']",
                    "['MSS', 'SAckOK', 'Timestamp', 'NOP', 'WScale']",
                    "['NOP', 'NOP', 'Timestamp', 'NOP', 'NOP', 'SAck']"
                ],
                "entropy": 0.5478
            }
        },
        "http": {
            "methods": {
                "top_values": [
                    "GET",
                    "HEAD"
                ]
            },
            "user_agents": {
                "top_values": [
                    "Mozilla/5.0 (X11; Linux x86_64) AppleWebKit/537.36 (KHTML, like Gecko) HeadlessChrome/148.0.0.0 Safari/537.36",
                    "Mozilla/5.0 (Windows NT 10.0; Win64; x64; rv:124.0) Gecko/20100101 Firefox/124.0",
                    "Mozilla/5.0 (X11; Linux x86_64) AppleWebKit/537.36 (KHTML, like Gecko) Chrome/122.0.0.0 Safari/537.36",
                    "Mozilla/5.0 (Macintosh; Intel Mac OS X 13_6) AppleWebKit/605.1.15 (KHTML, like Gecko) Version/17.0 Safari/605.1.15",
                    "Mozilla/5.0 (Windows NT 10.0; Win64; x64) AppleWebKit/537.36 (KHTML, like Gecko) Chrome/123.0.0.0 Safari/537.36"
                ],
                "entropy": 1.4895
            },
            "accept_languages": {
                "top_values": [
                    "en-US,en;q=0.9",
                    "it-IT,it;q=0.9,en-US;q=0.8,en;q=0.7",
                    "it-IT,it;q=0.8"
                ],
                "entropy": 0.9424
            }
        },
        "tls": {
            "record_size": {
                "stats": {
                    "min": 1,
                    "max": 1792,
                    "mean": 607.678,
                    "stdev": 673.838
                },
                "top_values": [
                    1,
                    1667,
                    1670,
                    19,
                    669,
                    556,
                    595,
                    1728,
                    316,
                    599
                ]
            },
            "ciphersuites_combinations": {
                "top_values": [
                    "0x1302",
                    "0x1303",
                    "0x1301",
                    "0xc02c",
                    "0xc030",
                    "0xcca9",
                    "0xcca8",
                    "0xc02b",
                    "0xc02f",
                    "0xc014"
                ],
                "entropy": 6.5022
            }
        }
    }
}